sep=,
#RESULTS IM
User MA count:0
User MA count:0
User MA count:0
User MA count:0
User MA count:0
User MA count:0
User MA count:0
User MA count:0
User MA count:0
User MA count:0
User MA count:0
User MA count:0
User MA count:0
User MA count:0
User MA count:0
User MA count:0
User MA count:0
User MA count:0
User MA count:0
User MA count:0
User MA count:0
User MA count:0
User MA count:0
User MA count:0
User MA count:0
User MA count:0
User MA count:0
User MA count:0
User MA count:0
User MA count:0
User MA count:0
User MA count:0
User MA count:0
User MA count:0
User MA count:0
User MA count:0
User MA count:0
User MA count:0
User MA count:0
User MA count:0
User MA count:0
User MA count:0
User MA count:0
User MA count:0
User MA count:0
User MA count:0
User MA count:0
User MA count:0
User MA count:0
User MA count:0
User MA count:0
User MA count:0
User MA count:0
User MA count:0
User MA count:0
User MA count:0
User MA count:0
User MA count:0
User MA count:0
User MA count:0
User MA count:0
User MA count:0
User MA count:0
User MA count:0
User MA count:0
User MA count:0
User MA count:0
User MA count:0
User MA count:0
User MA count:0
User MA count:0
User MA count:0
User MA count:0
User MA count:0
User MA count:0
User MA count:0
User MA count:0
User MA count:0
User MA count:0
User MA count:0
User MA count:0
User MA count:0
User MA count:0
User MA count:0
User MA count:0
User MA count:0
User MA count:0
User MA count:0
User MA count:0
User MA count:0
User MA count:0
User MA count:0
User MA count:0
User MA count:0
User MA count:0
User MA count:0
User MA count:0
User MA count:0
User MA count:0
